sub_system_id,sub_system_name,remarks,create_time
3,模拟科技,NULL,"2017-08-09 12:06:58"
5,星宝宝,NULL,NULL
6,宝凯道融,NULL,NULL
7,迩格科技,NULL,NULL
9,仙人掌,NULL,NULL
10,博汇九洲,NULL,NULL
11,有住网,NULL,NULL
12,浙江虹越花卉,NULL,NULL
15,国家考试中心,NULL,NULL
16,老板电器,NULL,"2017-07-10 15:44:21"
19,AIA友邦,NULL,NULL
22,信投在线,NULL,NULL
23,公安高等学校,NULL,NULL
24,兴记时尚,Pending,NULL
27,大达物流,NULL,NULL
28,张江集团,NULL,NULL
29,杭果,NULL,NULL
31,牛津仪器,NULL,NULL
32,艺福堂,NULL,NULL
33,花间堂,NULL,NULL
34,金程教育,NULL,NULL
35,老庙餐饮,NULL,NULL
36,重庆天极,NULL,NULL
37,中铁15局,NULL,NULL
38,云柚科技,NULL,NULL
39,三生国健,NoPermission,NULL
40,极库信息,NULL,NULL
41,莱士,NULL,NULL
42,重庆汽摩,NULL,NULL
43,迅凯催化,NULL,NULL
44,静安红会,NULL,NULL
45,大脑地图,NULL,NULL
46,曼卡龙,NULL,NULL
48,达尔威,NULL,"2017-09-05 10:26:00"
50,科沃斯,科沃斯方面收集数据,"2017-09-12 16:36:03"
51,上海海洋水族馆,NULL,"2017-10-09 17:10:35"
52,污染地图,NULL,"2017-10-09 17:21:15"
53,Belbin,NULL,"2017-10-09 17:23:53"
54,夏普,Pending,"2017-10-09 17:26:20"
55,青岛两栖,NULL,"2017-10-09 17:29:17"
59,嘉宝物流,NULL,"2017-10-09 17:40:44"
60,安朗杰,Pending,"2017-10-09 17:52:28"
62,冠生园,NULL,"2017-10-20 10:40:25"
63,中广格兰,NULL,"2017-10-20 10:45:34"
64,驻云-ops-运维团队,NULL,"2017-10-23 11:40:00"
67,谷新投资,NoPermission,"2017-11-02 16:25:22"
70,晓圈科技,NULL,"2017-11-14 13:49:56"
71,猛士网络,NULL,"2017-12-05 15:38:58"
72,永佳网络,NULL,"2017-12-14 10:07:45"
73,赶街电子,NULL,"2017-12-18 14:56:33"
74,腾赋网络,NULL,"2017-12-19 09:49:53"
75,群硕电子,NULL,"2017-12-22 16:21:10"
76,美户通,NULL,"2017-12-22 16:24:51"
77,国家海洋,NULL,"2018-01-19 09:42:40"
78,泽稷教育,NULL,"2018-01-25 09:43:17"
79,中宣部,NULL,"2018-01-26 18:15:18"
80,千颂网络,NULL,"2018-01-31 13:39:17"
81,麦穗科技,NULL,"2018-01-31 13:40:56"
82,鑫圆网络,NULL,"2018-02-09 18:02:44"
83,坤金泉,NULL,"2018-03-01 13:51:16"
84,网天下,NULL,"2018-03-01 13:58:23"
85,捷信医药,NULL,"2018-03-13 09:43:12"
86,斯维登,NULL,"2018-03-13 09:51:11"
88,相宜本草,NULL,"2018-03-13 09:57:55"
89,深圳智家,NULL,"2018-03-13 10:02:11"
90,水文新技术,NULL,"2018-03-30 14:40:03"
91,睿云,NULL,"2018-03-30 14:52:20"
92,快鱼服饰,NULL,"2018-04-11 17:18:37"
93,上海奕尚,NULL,"2018-05-07 17:01:40"
94,速珂,NULL,"2018-05-08 17:29:51"
95,巨昂,NULL,"2018-05-08 17:41:39"
96,黎明保险,NULL,"2018-06-08 17:29:56"
97,水松缘生物科技,NULL,"2018-06-19 17:15:26"
98,创一佳照明,NULL,"2018-07-03 20:51:10"
99,国土资源,NULL,"2018-07-03 21:12:29"
100,华东医药,NULL,"2018-07-04 18:25:56"
101,测二院,NULL,"2018-07-05 15:29:21"
102,卓建服饰,NULL,"2018-07-05 16:03:50"
103,第一网校,NULL,"2018-07-05 22:28:08"
104,喜盈门,NULL,"2018-07-05 22:36:24"
105,驻云科技-devops,NULL,"2018-07-05 22:48:03"
106,"故宫博物院 ",NULL,"2018-07-25 08:23:39"
107,上海外教社,NULL,"2018-08-07 16:04:18"
108,普乐师,NULL,"2018-08-23 10:37:00"
109,华颂商旅,NULL,"2018-09-05 17:38:03"
110,广东易拍即合广告有限公司,NULL,"2018-09-07 16:21:13"
111,美年大健康,NULL,"2018-09-07 16:55:53"
112,厚大司考,NULL,"2018-09-30 09:27:34"
